{"date_offset":0,"m0":0.1775317270719104,"m1":0.5980179001488043,"m2":-0.4714790355280363,"m3":-0.860150896876568,"m4":-19.850031486797285,"m5":-2.0392414546263264,"m6":1.2289155760808048,"m7":20.748620483124316,"m8":-0.2351466334360152,"m9":0.46629283730875043}
{"date_offset":1,"m0":-2.7337463553753953,"m1":2.4897478903996118,"m2":-3.1072738187972924,"m3":-0.22584850076979657,"m4":-21.591226003575052,"m5":-2.695596590806379,"m6":0.7422017747950894,"m7":21.62091171819292,"m8":-1.2117497810941982,"m9":2.095053689935443}
{"date_offset":2,"m0":0.17270556903427492,"m1":3.4768305114211913,"m2":-3.0827731340860844,"m3":0.6945772893880996,"m4":-21.461522179699372,"m5":-1.7357328301891173,"m6":-7.0619800251056795,"m7":22.910600231770154,"m8":4.5626858782062625,"m9":2.364509537833494}
{"date_offset":3,"m0":4.359814068006752,"m1":3.598574040378525,"m2":-5.147722964084608,"m3":-0.09360177417233473,"m4":-21.504247650504567,"m5":-1.657133135669877,"m6":-7.004180054274984,"m7":22.2492264479842,"m8":4.8455233590822315,"m9":0.6617865072696132}
{"date_offset":4,"m0":5.048051275501453,"m1":4.633487161038563,"m2":-24.553225374876874,"m3":1.606091123038357,"m4":-21.30553985583143,"m5":-0.4339067774716763,"m6":-7.231334176941169,"m7":21.880922461034704,"m8":4.317048258475438,"m9":0.8152229309241379}
{"date_offset":5,"m0":5.106627732433662,"m1":5.144236880736204,"m2":-24.32213223971055,"m3":2.809896015899638,"m4":-21.037039080757598,"m5":-1.8706050507491399,"m6":-9.04703992944136,"m7":20.59120176471744,"m8":4.685451699696708,"m9":0.3086486395493224}
{"date_offset":6,"m0":8.240068355982588,"m1":3.9882365284593795,"m2":-25.470874663929695,"m3":3.725389039921299,"m4":-21.313840214877867,"m5":-1.2660016443926607,"m6":-10.098604321553665,"m7":19.229158798765994,"m8":6.018727772422464,"m9":0.7625261500884247}
{"date_offset":7,"m0":9.669713421282482,"m1":6.714681454885357,"m2":-24.523954872626877,"m3":2.7515374465069438,"m4":-22.32187607875866,"m5":-2.4464747884645734,"m6":-6.594733771696098,"m7":18.609748138272337,"m8":5.41284721556356,"m9":0.15720054459955346}
{"date_offset":8,"m0":9.856096378041887,"m1":5.2666874874930585,"m2":-22.75634736317661,"m3":3.455998174543607,"m4":-23.380365130484748,"m5":-2.7731307571096977,"m6":-6.400244588128426,"m7":44.551944707089504,"m8":6.157915998342512,"m9":2.7335396054932786}
{"date_offset":9,"m0":11.722430035769406,"m1":4.140366790212557,"m2":-22.27615262265541,"m3":4.398055932819901,"m4":-22.00988674206147,"m5":-5.055354736661733,"m6":-7.759742963540888,"m7":44.48237558401771,"m8":7.775054114066448,"m9":2.512807252743952}
